image,skin_color,genre
001105.jpg,Darkest,male
076428.jpg,Darkest,male
003262.jpg,Darkest,male
149408.jpg,Darkest,male
044462.jpg,Darkest,male
112245.jpg,Darkest,male
195919.jpg,Darkest,male
091388.jpg,Darkest,male
172818.jpg,Darkest,male
169790.jpg,Darkest,male
180713.jpg,Darkest,male
151980.jpg,Darkest,male
008361.jpg,Darkest,male
157857.jpg,Darkest,male
184831.jpg,Darkest,male
169832.jpg,Darkest,male
031917.jpg,Darkest,male
129396.jpg,Darkest,male
167761.jpg,Darkest,male
138463.jpg,Darkest,male
022488.jpg,Darkest,male
193530.jpg,Darkest,male
150380.jpg,Darkest,male
083126.jpg,Darkest,male
033746.jpg,Darkest,male
124982.jpg,Darkest,male
168960.jpg,Darkest,male
029928.jpg,Darkest,male
002944.jpg,Darkest,male
083525.jpg,Darkest,male
041314.jpg,Darkest,male
154042.jpg,Darkest,male
061518.jpg,Darkest,female
143347.jpg,Darkest,female
078071.jpg,Darkest,female
094639.jpg,Darkest,female
065388.jpg,Darkest,female
146846.jpg,Light,male
134977.jpg,Light,male
191461.jpg,Light,male
134744.jpg,Light,male
117002.jpg,Light,male
142765.jpg,Light,male
114251.jpg,Light,male
089602.jpg,Light,male
092550.jpg,Light,male
039880.jpg,Light,male
107946.jpg,Light,male
177244.jpg,Light,male
163557.jpg,Light,male
167902.jpg,Light,male
059152.jpg,Light,male
100755.jpg,Light,male
049180.jpg,Light,male
014522.jpg,Light,male
110988.jpg,Light,male
008137.jpg,Light,male
072843.jpg,Light,male
202267.jpg,Light,male
161744.jpg,Light,male
002220.jpg,Light,male
153721.jpg,Light,male
013477.jpg,Light,male
184079.jpg,Light,male
198450.jpg,Light,male
191689.jpg,Light,male
015206.jpg,Light,male
097577.jpg,Light,male
162918.jpg,Light,male
189946.jpg,Light,male
035129.jpg,Light,male
163810.jpg,Light,male
133941.jpg,Light,male
001924.jpg,Light,male
117820.jpg,Light,male
140617.jpg,Light,male
065454.jpg,Light,male
044129.jpg,Light,male
037104.jpg,Light,male
201340.jpg,Light,male
174772.jpg,Light,male
178606.jpg,Light,male
079281.jpg,Light,male
181512.jpg,Light,male
114284.jpg,Light,male
006694.jpg,Light,male
188734.jpg,Light,male
130534.jpg,Light,male
155384.jpg,Light,male
158878.jpg,Light,male
142613.jpg,Light,male
149034.jpg,Light,male
105969.jpg,Light,male
094731.jpg,Light,male
076968.jpg,Light,male
180740.jpg,Light,male
200891.jpg,Light,male
014848.jpg,Light,male
089943.jpg,Light,male
141691.jpg,Light,male
120092.jpg,Light,male
144500.jpg,Light,male
161958.jpg,Light,male
041450.jpg,Light,male
136814.jpg,Light,male
139272.jpg,Light,male
169445.jpg,Light,male
100236.jpg,Light,male
138959.jpg,Light,male
133818.jpg,Light,male
190194.jpg,Light,male
136747.jpg,Light,male
033171.jpg,Light,male
183329.jpg,Light,male
121788.jpg,Light,male
026781.jpg,Light,male
028948.jpg,Light,male
111662.jpg,Light,male
119955.jpg,Light,male
140820.jpg,Light,male
145964.jpg,Light,male
121548.jpg,Light,male
166763.jpg,Light,male
061226.jpg,Light,male
197215.jpg,Light,male
096690.jpg,Light,male
110393.jpg,Light,male
078985.jpg,Light,male
167899.jpg,Light,male
140771.jpg,Light,male
011516.jpg,Light,male
090785.jpg,Light,male
029710.jpg,Light,male
170659.jpg,Light,male
138769.jpg,Light,male
049190.jpg,Light,male
067523.jpg,Light,male
008319.jpg,Light,male
108319.jpg,Light,male
062842.jpg,Light,male
175480.jpg,Light,male
016682.jpg,Light,male
111675.jpg,Light,male
003503.jpg,Light,male
183303.jpg,Light,male
035933.jpg,Light,male
159631.jpg,Light,male
129665.jpg,Light,male
060517.jpg,Light,male
058077.jpg,Light,male
017990.jpg,Light,male
004052.jpg,Light,male
182394.jpg,Light,male
192187.jpg,Light,male
044258.jpg,Light,male
111517.jpg,Light,male
193528.jpg,Light,male
190035.jpg,Light,male
189564.jpg,Light,male
094092.jpg,Light,male
135648.jpg,Light,male
015573.jpg,Light,male
189982.jpg,Light,male
104442.jpg,Light,male
135847.jpg,Light,male
045323.jpg,Light,male
128859.jpg,Light,male
165781.jpg,Light,male
116009.jpg,Light,male
156411.jpg,Light,male
071051.jpg,Light,male
098195.jpg,Light,male
143975.jpg,Light,male
172570.jpg,Light,male
201526.jpg,Light,male
145653.jpg,Light,male
141409.jpg,Light,male
138121.jpg,Light,male
070944.jpg,Light,male
001171.jpg,Light,male
168845.jpg,Light,male
067545.jpg,Light,male
012864.jpg,Light,male
006352.jpg,Light,male
146010.jpg,Light,male
178698.jpg,Light,male
150841.jpg,Light,male
169024.jpg,Light,male
175356.jpg,Light,male
050317.jpg,Light,male
101602.jpg,Light,male
125415.jpg,Light,male
129549.jpg,Light,male
082899.jpg,Light,male
011983.jpg,Light,male
002041.jpg,Light,male
194779.jpg,Light,male
167156.jpg,Light,male
032625.jpg,Light,male
050249.jpg,Light,male
095101.jpg,Light,male
087505.jpg,Light,male
168073.jpg,Light,male
149081.jpg,Light,male
089448.jpg,Light,male
116426.jpg,Light,male
055286.jpg,Light,male
075624.jpg,Light,male
154198.jpg,Light,male
116383.jpg,Light,male
108817.jpg,Light,male
105102.jpg,Light,male
130813.jpg,Light,male
112324.jpg,Light,male
000052.jpg,Light,male
114027.jpg,Light,male
128709.jpg,Light,male
155906.jpg,Light,male
178894.jpg,Light,male
054364.jpg,Light,male
149309.jpg,Light,male
126916.jpg,Light,male
053806.jpg,Light,male
178329.jpg,Light,male
060228.jpg,Light,male
160374.jpg,Light,male
187289.jpg,Light,male
092848.jpg,Light,male
088804.jpg,Light,male
063655.jpg,Light,male
186801.jpg,Light,male
190905.jpg,Light,male
083762.jpg,Light,male
030999.jpg,Light,male
088390.jpg,Light,male
117329.jpg,Light,male
148611.jpg,Light,male
150066.jpg,Light,male
131498.jpg,Light,male
013611.jpg,Light,male
103416.jpg,Light,male
057906.jpg,Light,male
134251.jpg,Light,male
166265.jpg,Light,male
200616.jpg,Light,male
148371.jpg,Light,male
064670.jpg,Light,male
102318.jpg,Light,male
166040 09.41.51.jpg,Light,male
105885.jpg,Light,male
028095.jpg,Light,male
037638.jpg,Light,male
096948.jpg,Light,male
108393.jpg,Light,male
024651.jpg,Light,male
121729.jpg,Light,male
092252.jpg,Light,male
023300.jpg,Light,male
188949.jpg,Light,male
171320.jpg,Light,male
106816.jpg,Light,male
139364.jpg,Light,male
186804.jpg,Light,male
115936.jpg,Light,male
126456.jpg,Light,male
105258.jpg,Light,male
141368.jpg,Light,male
136335.jpg,Light,male
156400.jpg,Light,male
050267.jpg,Light,male
013438.jpg,Light,male
106009.jpg,Light,male
127010.jpg,Light,male
028519.jpg,Light,male
151780.jpg,Light,male
173253.jpg,Light,male
190321.jpg,Light,male
157130.jpg,Light,male
117272.jpg,Light,male
028082.jpg,Light,male
034326.jpg,Light,male
173045.jpg,Light,male
125564.jpg,Light,male
065356.jpg,Light,male
145910.jpg,Light,male
108794.jpg,Light,male
164855.jpg,Light,male
152642.jpg,Light,male
058384.jpg,Light,male
133243.jpg,Light,male
171070.jpg,Light,male
022372.jpg,Light,male
118788.jpg,Light,male
119657.jpg,Light,male
086611.jpg,Light,male
058810.jpg,Light,male
043377.jpg,Light,male
133860.jpg,Light,male
140681.jpg,Light,male
140332.jpg,Light,male
100064.jpg,Light,male
000070.jpg,Light,male
128065.jpg,Light,male
041788.jpg,Light,male
134471.jpg,Light,male
118825.jpg,Light,male
091783.jpg,Light,male
171677.jpg,Light,male
106372.jpg,Light,male
046756.jpg,Light,male
191032.jpg,Light,male
002128.jpg,Light,male
122039.jpg,Light,male
178451.jpg,Light,male
153617.jpg,Light,male
084761.jpg,Light,male
095678.jpg,Light,male
157277.jpg,Light,male
167149.jpg,Light,male
124716.jpg,Light,male
173699.jpg,Light,male
147514.jpg,Light,male
001225.jpg,Light,male
018012.jpg,Light,male
190272.jpg,Light,male
100661.jpg,Light,male
050917.jpg,Light,male
166241.jpg,Light,male
110880.jpg,Light,male
166094.jpg,Light,male
046387.jpg,Light,male
177748.jpg,Light,male
130417.jpg,Light,male
159853.jpg,Light,male
171675.jpg,Light,male
177239.jpg,Light,male
166452.jpg,Light,male
034314.jpg,Light,male
180666.jpg,Light,male
180100.jpg,Light,male
105650.jpg,Light,male
042057.jpg,Light,male
016360.jpg,Light,male
100502.jpg,Light,male
143407.jpg,Light,male
055265.jpg,Light,male
130204.jpg,Light,male
062218.jpg,Light,male
119457.jpg,Light,male
157704.jpg,Light,male
037782.jpg,Light,male
148630.jpg,Light,male
062967.jpg,Light,male
092460.jpg,Light,male
113630.jpg,Light,male
154209.jpg,Light,male
031334.jpg,Light,male
122837.jpg,Light,male
198213.jpg,Light,male
042084.jpg,Light,male
140687.jpg,Light,male
201677.jpg,Light,male
104953.jpg,Light,male
173926.jpg,Light,male
104210.jpg,Light,male
113750.jpg,Light,male
069003.jpg,Light,male
061305.jpg,Light,male
133325.jpg,Light,male
062143.jpg,Light,male
130177.jpg,Light,male
074053.jpg,Light,male
035782.jpg,Light,male
160973.jpg,Light,male
157885.jpg,Light,male
180663.jpg,Light,male
030407.jpg,Light,male
089479.jpg,Light,male
196559.jpg,Light,male
138675.jpg,Light,male
170625.jpg,Light,male
163881.jpg,Light,male
126311.jpg,Light,male
006599.jpg,Light,male
030995.jpg,Light,male
061258.jpg,Light,male
120589.jpg,Light,male
004403.jpg,Light,male
190504.jpg,Light,male
022377.jpg,Light,male
162753.jpg,Light,male
066509.jpg,Light,male
083591.jpg,Light,male
100303.jpg,Light,male
090710.jpg,Light,male
109455.jpg,Light,male
078290.jpg,Light,male
142118.jpg,Light,male
077612.jpg,Light,male
158020.jpg,Light,male
183156.jpg,Light,male
172144.jpg,Light,male
106821.jpg,Light,male
113592.jpg,Light,male
031727.jpg,Light,male
106410.jpg,Light,male
041029.jpg,Light,male
021093.jpg,Light,male
200768.jpg,Light,male
172346.jpg,Light,male
036504.jpg,Light,male
056596.jpg,Light,male
075401.jpg,Light,male
128074.jpg,Light,male
025544.jpg,Light,male
171672.jpg,Light,male
105130.jpg,Light,male
012470.jpg,Light,male
070587.jpg,Light,male
003569.jpg,Light,male
187494.jpg,Light,male
017093.jpg,Light,male
191547.jpg,Light,male
171276.jpg,Light,male
181813.jpg,Light,male
086629.jpg,Light,male
022438.jpg,Light,male
087906.jpg,Light,male
111743.jpg,Light,male
146169.jpg,Light,male
142333.jpg,Light,male
047562.jpg,Light,male
058324.jpg,Light,male
108513.jpg,Light,male
017382.jpg,Light,male
127269.jpg,Light,male
099961.jpg,Light,male
145003.jpg,Light,male
042750.jpg,Light,male
165489.jpg,Light,male
131755.jpg,Light,male
053852.jpg,Light,male
147358.jpg,Light,male
160095.jpg,Light,male
029481.jpg,Light,male
114714.jpg,Light,male
061412.jpg,Light,male
194855.jpg,Light,male
087183.jpg,Light,male
134413.jpg,Light,male
161361.jpg,Light,male
197434.jpg,Light,male
199182.jpg,Light,male
192969.jpg,Light,male
110956.jpg,Light,male
070907.jpg,Light,male
032315.jpg,Light,male
105585.jpg,Light,male
092606.jpg,Light,male
054047.jpg,Light,male
153072.jpg,Light,male
097756.jpg,Light,male
111255.jpg,Light,male
134214.jpg,Light,male
044917.jpg,Light,male
157994.jpg,Light,male
130933.jpg,Light,male
110349.jpg,Light,male
180980.jpg,Light,male
198881.jpg,Light,male
132883.jpg,Light,male
126148.jpg,Light,male
152187.jpg,Light,male
189783.jpg,Light,male
158643.jpg,Light,male
091319.jpg,Light,male
013534.jpg,Light,male
048518.jpg,Light,male
183866.jpg,Light,male
026202.jpg,Light,male
029496.jpg,Light,male
200916.jpg,Light,male
155987.jpg,Light,male
080189.jpg,Light,male
040391.jpg,Light,male
036561.jpg,Light,male
068408.jpg,Light,male
152964.jpg,Light,male
160068.jpg,Light,male
194664.jpg,Light,male
060083.jpg,Light,male
171367.jpg,Light,male
058078.jpg,Light,male
147616.jpg,Light,male
122893.jpg,Light,male
090774.jpg,Light,male
070864.jpg,Light,male
024776.jpg,Light,male
166579.jpg,Light,male
138411.jpg,Light,male
170469.jpg,Light,male
108539.jpg,Light,male
114892.jpg,Light,male
171978.jpg,Light,male
157015.jpg,Light,male
178970.jpg,Light,male
042434.jpg,Light,male
045415.jpg,Light,male
113874.jpg,Light,male
186489.jpg,Light,male
133742.jpg,Light,male
054134.jpg,Light,male
123380.jpg,Light,male
143474.jpg,Light,male
047174.jpg,Light,male
068197.jpg,Light,male
147606.jpg,Light,male
117757.jpg,Light,male
166145.jpg,Light,male
189396.jpg,Light,male
166151.jpg,Light,male
110212.jpg,Light,male
044119.jpg,Light,male
062121.jpg,Light,male
138561.jpg,Light,male
011643.jpg,Light,male
135905.jpg,Light,male
128565.jpg,Light,male
022921.jpg,Light,male
131785.jpg,Light,male
106667.jpg,Light,male
135468.jpg,Light,male
040785.jpg,Light,male
034979.jpg,Light,male
035124.jpg,Light,male
137727.jpg,Light,male
178030.jpg,Light,male
176035.jpg,Light,male
139736.jpg,Light,male
185142.jpg,Light,male
193046.jpg,Light,male
113652.jpg,Light,male
040550.jpg,Light,male
048654.jpg,Light,male
121184.jpg,Light,male
093911.jpg,Light,male
177856.jpg,Light,male
014473.jpg,Light,male
022664.jpg,Light,male
039522.jpg,Light,male
090954.jpg,Light,male
152208.jpg,Light,male
117026.jpg,Light,male
102615.jpg,Light,male
086501.jpg,Light,male
108310.jpg,Light,male
159639.jpg,Light,male
132098.jpg,Light,male
094887.jpg,Light,male
121768.jpg,Light,male
093870.jpg,Light,male
139655.jpg,Light,male
051264.jpg,Light,male
029888.jpg,Light,male
120853.jpg,Light,male
149615.jpg,Light,male
156735.jpg,Light,male
098474.jpg,Light,male
137283.jpg,Light,male
184713.jpg,Light,male
040989.jpg,Light,male
046693.jpg,Light,male
172536.jpg,Light,male
113137.jpg,Light,male
156331.jpg,Light,male
149211.jpg,Light,male
142344.jpg,Light,male
196673.jpg,Light,male
028837.jpg,Light,male
192373.jpg,Light,male
035872.jpg,Light,male
151321.jpg,Light,female
130708.jpg,Light,female
094082.jpg,Light,female
197762.jpg,Light,female
097789.jpg,Light,female
022046.jpg,Light,female
120137.jpg,Light,female
113067.jpg,Light,female
143136.jpg,Light,female
010787.jpg,Light,female
133176.jpg,Light,female
110022.jpg,Light,female
197165.jpg,Light,female
151863.jpg,Light,female
027063.jpg,Light,female
166759.jpg,Light,female
157547.jpg,Light,female
144936.jpg,Light,female
143095.jpg,Light,female
096125.jpg,Light,female
174822.jpg,Light,female
143056.jpg,Light,female
048117.jpg,Light,female
138380.jpg,Light,female
031401.jpg,Light,female
078001.jpg,Light,female
121606.jpg,Light,female
165078.jpg,Light,female
151120.jpg,Light,female
075900.jpg,Light,female
146312.jpg,Light,female
109388.jpg,Light,female
033606.jpg,Light,female
071421.jpg,Light,female
129104.jpg,Light,female
029676.jpg,Light,female
121766.jpg,Light,female
039883.jpg,Light,female
102627.jpg,Light,female
022078.jpg,Light,female
184132.jpg,Light,female
181704.jpg,Light,female
079646.jpg,Light,female
199956.jpg,Light,female
088481.jpg,Light,female
116726.jpg,Light,female
093062.jpg,Light,female
195359.jpg,Light,female
119405.jpg,Light,female
144702.jpg,Light,female
065096.jpg,Light,female
043938.jpg,Light,female
048272.jpg,Light,female
060267.jpg,Light,female
089610.jpg,Light,female
175483.jpg,Light,female
085764.jpg,Light,female
032910.jpg,Light,female
109789.jpg,Light,female
138569.jpg,Light,female
036544.jpg,Light,female
067253.jpg,Light,female
062303.jpg,Light,female
035475.jpg,Light,female
182432.jpg,Light,female
152177.jpg,Light,female
058466.jpg,Light,female
098681.jpg,Light,female
196451.jpg,Light,female
110146.jpg,Light,female
148477.jpg,Light,female
120734.jpg,Light,female
076228.jpg,Light,female
132250.jpg,Light,female
132085.jpg,Light,female
036235.jpg,Light,female
148714.jpg,Light,female
054315.jpg,Light,female
124427.jpg,Light,female
006679.jpg,Light,female
053678.jpg,Light,female
065527.jpg,Light,female
030532.jpg,Light,female
110153.jpg,Light,female
049224.jpg,Light,female
113165.jpg,Light,female
074868.jpg,Light,female
121841.jpg,Light,female
140059.jpg,Light,female
040924.jpg,Light,female
018434.jpg,Light,female
155252.jpg,Light,female
113207.jpg,Light,female
034647.jpg,Light,female
149684.jpg,Light,female
184437.jpg,Light,female
074706.jpg,Light,female
159864.jpg,Light,female
069794.jpg,Light,female
089106.jpg,Light,female
167785.jpg,Light,female
006838.jpg,Light,female
072175.jpg,Light,female
171454.jpg,Light,female
125763.jpg,Light,female
110041.jpg,Light,female
030568.jpg,Light,female
072565.jpg,Light,female
069623.jpg,Light,female
030783.jpg,Light,female
041185.jpg,Light,female
144957.jpg,Light,female
198431.jpg,Light,female
040648.jpg,Light,female
123489.jpg,Light,female
046588.jpg,Light,female
080493.jpg,Light,female
120157.jpg,Light,female
136292.jpg,Light,female
109704.jpg,Light,female
115488.jpg,Light,female
164503.jpg,Light,female
160765.jpg,Light,female
122230.jpg,Light,female
110254.jpg,Light,female
116396.jpg,Light,female
135201.jpg,Light,female
070991.jpg,Light,female
083979.jpg,Light,female
017671.jpg,Light,female
024081.jpg,Light,female
116557.jpg,Light,female
162598.jpg,Light,female
100484.jpg,Light,female
175999.jpg,Light,female
190646.jpg,Light,female
008153.jpg,Light,female
143422.jpg,Light,female
125980.jpg,Light,female
147491.jpg,Light,female
002867.jpg,Light,female
161443.jpg,Light,female
026708.jpg,Light,female
057132.jpg,Light,female
006433.jpg,Light,female
071452.jpg,Light,female
155255.jpg,Light,female
179797.jpg,Light,female
201247.jpg,Light,female
185896.jpg,Light,female
146607.jpg,Light,female
193990.jpg,Light,female
053544.jpg,Light,female
095649.jpg,Light,female
187271.jpg,Light,female
077155.jpg,Light,female
045859.jpg,Light,female
129149.jpg,Light,female
146773.jpg,Light,female
150677.jpg,Light,female
133461.jpg,Light,female
121500.jpg,Light,female
123471.jpg,Light,female
022974.jpg,Light,female
055256.jpg,Light,female
077961.jpg,Light,female
117878.jpg,Light,female
022182.jpg,Light,female
020959.jpg,Light,female
071925.jpg,Light,female
044746.jpg,Light,female
030004.jpg,Light,female
083635.jpg,Light,female
001150.jpg,Light,female
038935.jpg,Light,female
142055.jpg,Light,female
061673.jpg,Light,female
137353.jpg,Light,female
052291.jpg,Light,female
109068.jpg,Light,female
185912.jpg,Light,female
071111.jpg,Light,female
098758.jpg,Light,female
007044.jpg,Light,female
146583.jpg,Light,female
127627.jpg,Light,female
005486.jpg,Light,female
168865.jpg,Light,female
029742.jpg,Light,female
136892.jpg,Light,female
098348.jpg,Light,female
099718.jpg,Light,female
116954.jpg,Light,female
058408.jpg,Light,female
184563.jpg,Light,female
128879.jpg,Light,female
027590.jpg,Light,female
155890.jpg,Light,female
146634.jpg,Light,female
084005.jpg,Light,female
067361.jpg,Light,female
067215.jpg,Light,female
140696.jpg,Light,female
023641.jpg,Light,female
120413.jpg,Light,female
149499.jpg,Light,female
042255.jpg,Light,female
167943.jpg,Light,female
052293.jpg,Light,female
169577.jpg,Light,female
117863.jpg,Light,female
051639.jpg,Light,female
047715.jpg,Light,female
092464.jpg,Light,female
100116.jpg,Light,female
110311.jpg,Light,female
015533.jpg,Light,female
166278.jpg,Light,female
154751.jpg,Light,female
112704.jpg,Light,female
052308.jpg,Light,female
003812.jpg,Light,female
081839.jpg,Light,female
040446.jpg,Light,female
097322.jpg,Light,female
063506.jpg,Light,female
193810.jpg,Light,female
173258.jpg,Light,female
141215.jpg,Light,female
027755.jpg,Light,female
141361.jpg,Light,female
157715.jpg,Light,female
022405.jpg,Light,female
150534.jpg,Light,female
197731.jpg,Light,female
064875.jpg,Light,female
040914.jpg,Light,female
127025.jpg,Light,female
147882.jpg,Light,female
137342.jpg,Light,female
188215.jpg,Light,female
197335.jpg,Light,female
148964.jpg,Light,female
141940.jpg,Light,female
137627.jpg,Light,female
118405.jpg,Light,female
125974.jpg,Light,female
161844.jpg,Light,female
012921.jpg,Light,female
013342.jpg,Light,female
003145.jpg,Light,female
189903.jpg,Light,female
194712.jpg,Light,female
173823.jpg,Light,female
154244.jpg,Light,female
035645.jpg,Light,female
179467.jpg,Light,female
180559.jpg,Light,female
176595.jpg,Light,female
134759.jpg,Light,female
119807.jpg,Light,female
124562.jpg,Light,female
172678.jpg,Light,female
130311.jpg,Light,female
022271.jpg,Light,female
020315.jpg,Light,female
096064.jpg,Light,female
108328.jpg,Light,female
137682.jpg,Light,female
071370.jpg,Light,female
193493.jpg,Light,female
134189.jpg,Light,female
027095.jpg,Light,female
005008.jpg,Light,female
073613.jpg,Light,female
200137.jpg,Light,female
166544.jpg,Light,female
199745.jpg,Light,female
181863.jpg,Light,female
136944.jpg,Light,female
107541.jpg,Light,female
020854.jpg,Light,female
144322.jpg,Light,female
120868.jpg,Light,female
130306.jpg,Light,female
144691.jpg,Light,female
156294.jpg,Light,female
144874.jpg,Light,female
183495.jpg,Light,female
165851.jpg,Light,female
146291.jpg,Light,female
140838.jpg,Light,female
022071.jpg,Light,female
068839.jpg,Light,female
201200.jpg,Light,female
148643.jpg,Light,female
129256.jpg,Light,female
069128.jpg,Light,female
045603.jpg,Light,female
083724.jpg,Light,female
010776.jpg,Light,female
164975.jpg,Light,female
139327.jpg,Light,female
063767.jpg,Light,female
023196.jpg,Light,female
163564.jpg,Light,female
115431.jpg,Light,female
188506.jpg,Light,female
030855.jpg,Light,female
100000.jpg,Light,female
117965.jpg,Light,female
120844.jpg,Light,female
079925.jpg,Light,female
016312.jpg,Light,female
125914.jpg,Light,female
035332.jpg,Light,female
068960.jpg,Light,female
167892.jpg,Light,female
161588.jpg,Light,female
171943.jpg,Light,female
183294.jpg,Light,female
071764.jpg,Light,female
181497.jpg,Light,female
169513.jpg,Light,female
139697.jpg,Light,female
144873.jpg,Light,female
062876.jpg,Light,female
017543.jpg,Light,female
131590.jpg,Light,female
008339.jpg,Light,female
131989.jpg,Light,female
032502.jpg,Light,female
099150.jpg,Light,female
202055.jpg,Light,female
105027.jpg,Light,female
091108.jpg,Light,female
005980.jpg,Dark,male
176588.jpg,Dark,male
109995.jpg,Dark,male
152429.jpg,Dark,male
095162.jpg,Dark,male
128232.jpg,Dark,male
114496.jpg,Dark,male
109612.jpg,Dark,male
055343.jpg,Dark,male
117548.jpg,Dark,male
139104.jpg,Dark,male
014068.jpg,Dark,male
038757.jpg,Dark,male
050372.jpg,Dark,male
172272.jpg,Dark,male
116723.jpg,Dark,male
057437.jpg,Dark,male
137857.jpg,Dark,male
060715.jpg,Dark,male
015215.jpg,Dark,male
004330.jpg,Dark,male
125372.jpg,Dark,male
112131.jpg,Dark,male
202359.jpg,Dark,male
158574.jpg,Dark,male
170548.jpg,Dark,male
070986.jpg,Dark,male
179140.jpg,Dark,male
198180.jpg,Dark,male
200809.jpg,Dark,male
191835.jpg,Dark,male
037214.jpg,Dark,male
099925.jpg,Dark,male
129189.jpg,Dark,male
171136.jpg,Dark,male
191407.jpg,Dark,male
146767.jpg,Dark,male
061695.jpg,Dark,male
020968.jpg,Dark,male
069207.jpg,Dark,male
032766.jpg,Dark,male
096775.jpg,Dark,male
026511.jpg,Dark,male
054959.jpg,Dark,male
138317.jpg,Dark,male
019251.jpg,Dark,male
094571.jpg,Dark,male
188400.jpg,Dark,male
172024.jpg,Dark,male
110298.jpg,Dark,male
147471.jpg,Dark,male
002449.jpg,Dark,male
084162.jpg,Dark,male
094289.jpg,Dark,male
154873.jpg,Dark,male
146084.jpg,Dark,male
162456.jpg,Dark,male
052436.jpg,Dark,male
149994.jpg,Dark,male
158509.jpg,Dark,male
137124.jpg,Dark,male
014064.jpg,Dark,male
102362.jpg,Dark,male
161835.jpg,Dark,male
169934.jpg,Dark,male
037531.jpg,Dark,male
011906.jpg,Dark,male
038984.jpg,Dark,male
161417.jpg,Dark,male
167073.jpg,Dark,male
105782.jpg,Dark,male
047153.jpg,Dark,female
183475.jpg,Dark,female
188290.jpg,Dark,female
003062.jpg,Dark,female
039075.jpg,Dark,female
192023.jpg,Dark,female
059637.jpg,Dark,female
079295.jpg,Dark,female
141722.jpg,Dark,female
140992.jpg,Dark,female
094279.jpg,Dark,female
004508.jpg,Dark,female
067050.jpg,Dark,female
070075.jpg,Dark,female
018518.jpg,Dark,female
199574.jpg,Dark,female
043872.jpg,Dark,female
070704.jpg,Dark,female
098976.jpg,Dark,female
052058.jpg,Dark,female
117921.jpg,Dark,female
141554.jpg,Dark,female
100681.jpg,Dark,female
048809.jpg,Dark,female
199698.jpg,Dark,female
163245.jpg,Dark,female
061730.jpg,Dark,female
018230.jpg,Dark,female
162991.jpg,Dark,female
191821.jpg,Dark,female
033066.jpg,Dark,female
006354.jpg,Dark,female
118157.jpg,Dark,female
123909.jpg,Dark,female
102086.jpg,Dark,female
175232.jpg,Dark,female
178272.jpg,Dark,female
151583.jpg,Dark,female
060762.jpg,Dark,female
157327.jpg,Dark,female
069818.jpg,Dark,female
127791.jpg,Dark,female
136878.jpg,Dark,female
033450.jpg,Dark,female
135631.jpg,Dark,female
143761.jpg,Dark,female
065995.jpg,Dark,female
198039.jpg,Dark,female
009047.jpg,Dark,female
183183.jpg,Dark,female
035557.jpg,Dark,female
073112.jpg,Dark,female
175011.jpg,Dark,female
064901.jpg,Dark,female
154418.jpg,Dark,female
060151.jpg,Dark,female
094935.jpg,Dark,female
121354.jpg,Dark,female
184299.jpg,Dark,female
035877.jpg,Dark,female
049558.jpg,Dark,female
148322.jpg,Dark,female
087369.jpg,Dark,female
200095.jpg,Dark,female
093255.jpg,Dark,female
144041.jpg,Dark,female
051470.jpg,Dark,female
102206.jpg,Dark,female
016501.jpg,Dark,female
088842.jpg,Dark,female
185396.jpg,Dark,female
148535.jpg,Dark,female
118302.jpg,Dark,female
103858.jpg,Dark,female
017813.jpg,Dark,female
132259.jpg,Dark,female
169300.jpg,Dark,female
183518.jpg,Dark,female
195439.jpg,Average,male
039738.jpg,Average,male
144274.jpg,Average,male
088695.jpg,Average,male
037265.jpg,Average,male
070932.jpg,Average,male
159542.jpg,Average,male
127275.jpg,Average,male
046890.jpg,Average,male
067121.jpg,Average,male
132108.jpg,Average,male
183700.jpg,Average,male
159839.jpg,Average,male
003049.jpg,Average,male
138430.jpg,Average,male
115834.jpg,Average,male
127104.jpg,Average,male
180635.jpg,Average,male
013263.jpg,Average,male
014650.jpg,Average,male
023942.jpg,Average,male
036354.jpg,Average,male
054937.jpg,Average,male
157436.jpg,Average,male
020906.jpg,Average,male
013857.jpg,Average,male
069622.jpg,Average,male
023886.jpg,Average,male
202370.jpg,Average,male
007273.jpg,Average,male
015071.jpg,Average,male
003567.jpg,Average,male
154365.jpg,Average,male
019516.jpg,Average,male
169146.jpg,Average,male
118618.jpg,Average,male
188223.jpg,Average,male
071678.jpg,Average,male
155692.jpg,Average,male
018989.jpg,Average,male
012256.jpg,Average,male
010441.jpg,Average,male
199675.jpg,Average,male
164277.jpg,Average,male
115470.jpg,Average,male
135975.jpg,Average,male
164246.jpg,Average,male
137540.jpg,Average,male
167834.jpg,Average,male
095446.jpg,Average,male
005877.jpg,Average,male
002315.jpg,Average,male
004994.jpg,Average,male
174446.jpg,Average,male
173467.jpg,Average,male
192128.jpg,Average,male
028661.jpg,Average,male
082688.jpg,Average,male
019331.jpg,Average,male
074132.jpg,Average,male
200555.jpg,Average,male
194818.jpg,Average,male
005737.jpg,Average,male
176652.jpg,Average,male
144622.jpg,Average,male
176350.jpg,Average,male
191496.jpg,Average,male
100400.jpg,Average,male
097185.jpg,Average,male
155777.jpg,Average,male
033795.jpg,Average,male
132299.jpg,Average,male
143515.jpg,Average,male
016266.jpg,Average,male
093497.jpg,Average,male
192213.jpg,Average,male
193092.jpg,Average,male
169696.jpg,Average,female
042611.jpg,Average,female
200262.jpg,Average,female
004043.jpg,Average,female
034037.jpg,Average,female
159783.jpg,Average,female
067874.jpg,Average,female
008928.jpg,Average,female
191271.jpg,Average,female
016468.jpg,Average,female
174762.jpg,Average,female
144887.jpg,Average,female
003058.jpg,Average,female
183712.jpg,Average,female
016133.jpg,Average,female
125513.jpg,Average,female
176064.jpg,Average,female
082133.jpg,Average,female
010889.jpg,Average,female
134453.jpg,Average,female
003599.jpg,Average,female
186544.jpg,Average,female
195276.jpg,Average,female
141423.jpg,Average,female
157090.jpg,Average,female
163321.jpg,Average,female
103012.jpg,Average,female
016392.jpg,Average,female
197074.jpg,Average,female
049720.jpg,Average,female
003373.jpg,Average,female
035945.jpg,Average,female
011818.jpg,Average,female
011831.jpg,Average,female
059493.jpg,Average,female
013388.jpg,Average,female
001029.jpg,Average,female
018975.jpg,Average,female
001232.jpg,Average,female
174041.jpg,Average,female
020835.jpg,Average,female
142320.jpg,Average,female
031053.jpg,Average,female
169984.jpg,Average,female
143611.jpg,Average,female
125769.jpg,Average,female
003792.jpg,Average,female
128503.jpg,Average,female
192689.jpg,Average,female
149701.jpg,Average,female
013960.jpg,Average,female
013791.jpg,Average,female
093422.jpg,Average,female
022174.jpg,Average,female
182856.jpg,Average,female
074427.jpg,Average,female
180000.jpg,Average,female
194713.jpg,Average,female
001508.jpg,Average,female
022065.jpg,Average,female
102438.jpg,Average,female
145149.jpg,Average,female
167070.jpg,Average,female
152587.jpg,Average,female
181046.jpg,Average,female
202240.jpg,Average,female
121999.jpg,Average,female
117581.jpg,Average,female
024360.jpg,Average,female
128599.jpg,Average,female
191478.jpg,Average,female
180213.jpg,Average,female
170309.jpg,Average,female
202069.jpg,Average,female
016067.jpg,Average,female
093706.jpg,Lightest,male
198848.jpg,Lightest,male
041697.jpg,Lightest,male
087798.jpg,Lightest,male
072936.jpg,Lightest,male
052370.jpg,Lightest,male
024580.jpg,Lightest,male
026208.jpg,Lightest,male
090838.jpg,Lightest,male
013072.jpg,Lightest,male
081510.jpg,Lightest,male
001338.jpg,Lightest,male
029311.jpg,Lightest,male
155998.jpg,Lightest,male
046264.jpg,Lightest,male
031946.jpg,Lightest,male
197171.jpg,Lightest,male
027922.jpg,Lightest,male
024026.jpg,Lightest,male
021604.jpg,Lightest,male
009605.jpg,Lightest,male
200670.jpg,Lightest,male
025306.jpg,Lightest,male
176004.jpg,Lightest,male
180786.jpg,Lightest,male
047030.jpg,Lightest,male
089563.jpg,Lightest,male
154064.jpg,Lightest,male
114454.jpg,Lightest,male
124554.jpg,Lightest,male
002418.jpg,Lightest,male
024420.jpg,Lightest,male
154306.jpg,Lightest,male
161430.jpg,Lightest,male
121982.jpg,Lightest,male
072317.jpg,Lightest,male
039882.jpg,Lightest,male
089827.jpg,Lightest,male
021954.jpg,Lightest,male
028964.jpg,Lightest,male
049197.jpg,Lightest,male
078389.jpg,Lightest,male
046449.jpg,Lightest,male
059780.jpg,Lightest,male
056312.jpg,Lightest,male
098127.jpg,Lightest,male
148662.jpg,Lightest,male
178986.jpg,Lightest,male
070114.jpg,Lightest,male
020119.jpg,Lightest,male
027662.jpg,Lightest,male
087629.jpg,Lightest,male
016681.jpg,Lightest,male
121986.jpg,Lightest,male
012419.jpg,Lightest,male
154060.jpg,Lightest,male
154274.jpg,Lightest,male
201583.jpg,Lightest,male
081449.jpg,Lightest,male
054248.jpg,Lightest,male
069491.jpg,Lightest,male
191464.jpg,Lightest,male
025923.jpg,Lightest,male
097607.jpg,Lightest,male
060264.jpg,Lightest,male
190424.jpg,Lightest,male
035926.jpg,Lightest,male
155988.jpg,Lightest,male
160933.jpg,Lightest,male
046936.jpg,Lightest,male
118490.jpg,Lightest,male
062300.jpg,Lightest,male
005416.jpg,Lightest,male
077692.jpg,Lightest,male
098694.jpg,Lightest,male
185821.jpg,Lightest,male
095367.jpg,Lightest,male
040566.jpg,Lightest,male
045445.jpg,Lightest,male
023930.jpg,Lightest,male
039015.jpg,Lightest,male
193573.jpg,Lightest,male
158825.jpg,Lightest,male
002322.jpg,Lightest,male
201678.jpg,Lightest,male
167974.jpg,Lightest,male
016155.jpg,Lightest,male
117289.jpg,Lightest,male
106435.jpg,Lightest,male
165192.jpg,Lightest,male
052528.jpg,Lightest,male
104829.jpg,Lightest,male
175975.jpg,Lightest,male
072968.jpg,Lightest,male
089099.jpg,Lightest,male
000130.jpg,Lightest,male
045450.jpg,Lightest,male
163495.jpg,Lightest,male
128655.jpg,Lightest,male
060639.jpg,Lightest,male
076701.jpg,Lightest,male
155325.jpg,Lightest,male
049056.jpg,Lightest,male
032427.jpg,Lightest,male
092040.jpg,Lightest,male
044360.jpg,Lightest,male
178300.jpg,Lightest,male
057644.jpg,Lightest,male
119517.jpg,Lightest,male
068339.jpg,Lightest,male
120432.jpg,Lightest,male
009705.jpg,Lightest,male
138296.jpg,Lightest,male
100286.jpg,Lightest,male
058006.jpg,Lightest,male
123265.jpg,Lightest,male
038686.jpg,Lightest,male
034255.jpg,Lightest,male
196192.jpg,Lightest,male
169195.jpg,Lightest,male
000651.jpg,Lightest,male
190518.jpg,Lightest,male
098144.jpg,Lightest,male
077432.jpg,Lightest,male
194540.jpg,Lightest,male
068738.jpg,Lightest,male
060364.jpg,Lightest,male
188196.jpg,Lightest,male
142714.jpg,Lightest,male
095925.jpg,Lightest,male
065354.jpg,Lightest,male
088784.jpg,Lightest,male
016621.jpg,Lightest,male
129406.jpg,Lightest,male
094804.jpg,Lightest,male
079595.jpg,Lightest,male
130368.jpg,Lightest,male
099688.jpg,Lightest,male
079032.jpg,Lightest,male
010709.jpg,Lightest,male
098623.jpg,Lightest,male
084234.jpg,Lightest,male
065960.jpg,Lightest,male
098609.jpg,Lightest,male
082889.jpg,Lightest,male
071929.jpg,Lightest,male
121878.jpg,Lightest,male
016959.jpg,Lightest,male
145483.jpg,Lightest,male
044560.jpg,Lightest,male
111575.jpg,Lightest,male
046565.jpg,Lightest,male
163929.jpg,Lightest,male
090309.jpg,Lightest,male
011830.jpg,Lightest,male
062606.jpg,Lightest,male
034332.jpg,Lightest,male
110290.jpg,Lightest,male
035992.jpg,Lightest,male
175420.jpg,Lightest,male
076114.jpg,Lightest,male
173326.jpg,Lightest,male
092682.jpg,Lightest,male
097705.jpg,Lightest,male
081615.jpg,Lightest,male
046410.jpg,Lightest,male
102246.jpg,Lightest,male
126125.jpg,Lightest,male
050058.jpg,Lightest,male
058362.jpg,Lightest,male
024097.jpg,Lightest,male
180704.jpg,Lightest,male
068737.jpg,Lightest,male
146390.jpg,Lightest,male
008941.jpg,Lightest,male
061854.jpg,Lightest,male
074040.jpg,Lightest,male
037352.jpg,Lightest,male
015695.jpg,Lightest,male
034868.jpg,Lightest,male
159514.jpg,Lightest,male
100105.jpg,Lightest,male
017323.jpg,Lightest,male
181394.jpg,Lightest,male
179836.jpg,Lightest,male
147714.jpg,Lightest,male
007495.jpg,Lightest,male
160432.jpg,Lightest,male
008177.jpg,Lightest,male
112107.jpg,Lightest,male
034895.jpg,Lightest,male
022007.jpg,Lightest,male
026739.jpg,Lightest,male
185910.jpg,Lightest,male
039624.jpg,Lightest,male
073513.jpg,Lightest,male
026248.jpg,Lightest,male
084158.jpg,Lightest,male
010671.jpg,Lightest,male
019669.jpg,Lightest,male
023708.jpg,Lightest,male
100847.jpg,Lightest,male
121862.jpg,Lightest,male
140536.jpg,Lightest,male
014639.jpg,Lightest,male
161271.jpg,Lightest,male
099045.jpg,Lightest,male
132417.jpg,Lightest,male
173305.jpg,Lightest,male
027813.jpg,Lightest,male
003782.jpg,Lightest,male
007296.jpg,Lightest,male
159498.jpg,Lightest,male
071664.jpg,Lightest,male
071117.jpg,Lightest,male
113989.jpg,Lightest,male
170590.jpg,Lightest,male
168650.jpg,Lightest,male
019095.jpg,Lightest,male
031645.jpg,Lightest,male
084015.jpg,Lightest,male
099050.jpg,Lightest,male
098831.jpg,Lightest,male
184567.jpg,Lightest,male
161528.jpg,Lightest,male
026111.jpg,Lightest,male
163465.jpg,Lightest,male
057918.jpg,Lightest,male
113394.jpg,Lightest,male
119054.jpg,Lightest,male
129815.jpg,Lightest,male
161104.jpg,Lightest,male
107068.jpg,Lightest,male
013021.jpg,Lightest,male
168444.jpg,Lightest,male
180852.jpg,Lightest,male
048794.jpg,Lightest,male
015445.jpg,Lightest,male
040450.jpg,Lightest,male
042938.jpg,Lightest,male
066695.jpg,Lightest,male
014217.jpg,Lightest,male
008789.jpg,Lightest,male
160384.jpg,Lightest,male
042643.jpg,Lightest,male
156144.jpg,Lightest,male
138312.jpg,Lightest,male
129223.jpg,Lightest,male
039756.jpg,Lightest,male
035193.jpg,Lightest,male
069847.jpg,Lightest,male
028166.jpg,Lightest,male
075261.jpg,Lightest,male
093914.jpg,Lightest,male
000403.jpg,Lightest,male
086672.jpg,Lightest,male
095183.jpg,Lightest,male
031153.jpg,Lightest,male
138942.jpg,Lightest,male
129697.jpg,Lightest,male
052231.jpg,Lightest,male
007595.jpg,Lightest,male
001866.jpg,Lightest,male
000946.jpg,Lightest,male
032705.jpg,Lightest,male
123620.jpg,Lightest,male
030890.jpg,Lightest,male
193120.jpg,Lightest,male
047365.jpg,Lightest,male
183455.jpg,Lightest,male
033802.jpg,Lightest,male
041270.jpg,Lightest,male
188070.jpg,Lightest,male
051711.jpg,Lightest,male
188689.jpg,Lightest,male
051895.jpg,Lightest,male
131185.jpg,Lightest,male
099551.jpg,Lightest,male
198897.jpg,Lightest,male
189998.jpg,Lightest,male
145148.jpg,Lightest,male
004666.jpg,Lightest,male
082371.jpg,Lightest,male
073405.jpg,Lightest,male
018313.jpg,Lightest,male
029858.jpg,Lightest,male
052232.jpg,Lightest,male
194315.jpg,Lightest,male
077703.jpg,Lightest,male
026969.jpg,Lightest,male
170534.jpg,Lightest,male
198738.jpg,Lightest,male
027486.jpg,Lightest,male
046246.jpg,Lightest,male
076540.jpg,Lightest,male
022111.jpg,Lightest,male
110612.jpg,Lightest,male
097027.jpg,Lightest,male
054285.jpg,Lightest,male
137078.jpg,Lightest,male
073160.jpg,Lightest,male
038388.jpg,Lightest,male
130713.jpg,Lightest,male
079461.jpg,Lightest,male
068544.jpg,Lightest,male
104893.jpg,Lightest,male
001900.jpg,Lightest,male
045818.jpg,Lightest,male
029685.jpg,Lightest,male
104071.jpg,Lightest,male
081721.jpg,Lightest,male
091532.jpg,Lightest,male
106464.jpg,Lightest,male
157818.jpg,Lightest,male
115381.jpg,Lightest,male
049400.jpg,Lightest,male
055571.jpg,Lightest,male
149170.jpg,Lightest,male
056871.jpg,Lightest,male
201946.jpg,Lightest,male
018539.jpg,Lightest,male
102575.jpg,Lightest,male
113120.jpg,Lightest,male
179489.jpg,Lightest,male
072523.jpg,Lightest,male
061007.jpg,Lightest,male
028229.jpg,Lightest,male
019209.jpg,Lightest,male
197431.jpg,Lightest,male
032338.jpg,Lightest,male
135443.jpg,Lightest,male
096471.jpg,Lightest,male
085214.jpg,Lightest,female
102636.jpg,Lightest,female
108053.jpg,Lightest,female
152264.jpg,Lightest,female
126681.jpg,Lightest,female
139154.jpg,Lightest,female
125806.jpg,Lightest,female
055314.jpg,Lightest,female
036465.jpg,Lightest,female
005989.jpg,Lightest,female
145548.jpg,Lightest,female
077329.jpg,Lightest,female
